{ "height":12,
 "layers":[
        {
         "data":[1, 1, 1, 1, 1, 1, 1, 1, 1, 1, 1, 1, 1, 1, 1, 1, 1, 1, 1, 1, 1, 1, 1, 1, 1, 1, 1, 1, 1, 1, 1, 1, 1, 1, 1, 1, 1, 1, 1, 1, 1, 1, 1, 1, 1, 1, 1, 1, 1, 1, 1, 1, 1, 1, 1, 1, 1, 1, 1, 1, 1, 1, 1, 1, 1, 1, 1, 1, 1, 1, 1, 1, 1, 1, 1, 1, 1, 1, 1, 1, 1, 1, 1, 1, 1, 1, 1, 1, 1, 1, 1, 1, 1, 1, 1, 1, 1, 1, 1, 1, 1, 1, 1, 1, 1, 1, 1, 1, 1, 1, 1, 1, 1, 1, 1, 1, 1, 1, 1, 1, 1, 1, 1, 1, 1, 1, 1, 1, 1, 1, 1, 1, 1, 1, 1, 1, 1, 1, 1, 1, 1, 1, 1, 1],
         "height":12,
         "name":"grass",
         "opacity":1,
         "type":"tilelayer",
         "visible":false,
         "width":12,
         "x":0,
         "y":0
        }, 
        {
         "data":[0, 0, 0, 0, 0, 0, 0, 0, 0, 0, 0, 11, 0, 0, 0, 0, 0, 0, 0, 0, 0, 0, 0, 11, 0, 0, 0, 0, 0, 0, 0, 0, 0, 0, 0, 11, 0, 0, 0, 0, 0, 0, 0, 0, 0, 0, 0, 11, 0, 0, 0, 0, 0, 0, 0, 0, 0, 0, 0, 11, 0, 0, 0, 0, 0, 0, 0, 0, 0, 0, 0, 11, 0, 0, 0, 0, 0, 0, 0, 0, 0, 0, 0, 11, 0, 0, 0, 0, 0, 0, 0, 0, 0, 0, 0, 11, 0, 0, 0, 0, 0, 0, 0, 0, 0, 0, 0, 11, 0, 0, 0, 0, 0, 0, 0, 0, 0, 0, 0, 11, 0, 0, 0, 0, 0, 0, 0, 0, 0, 0, 0, 11, 10, 10, 10, 10, 10, 10, 10, 10, 10, 10, 10, 12],
         "height":12,
         "name":"slop1",
         "opacity":1,
         "type":"tilelayer",
         "visible":true,
         "width":12,
         "x":0,
         "y":0
        }, 
        {
         "data":[0, 0, 0, 0, 0, 0, 0, 0, 83, 19, 0, 0, 0, 0, 0, 0, 0, 0, 0, 0, 83, 19, 0, 0, 81, 81, 81, 81, 81, 81, 81, 81, 82, 19, 0, 0, 0, 0, 0, 0, 0, 0, 0, 0, 0, 19, 0, 0, 0, 0, 0, 0, 0, 0, 0, 0, 0, 19, 0, 0, 0, 0, 0, 0, 0, 0, 0, 0, 0, 19, 0, 0, 0, 0, 0, 0, 0, 0, 0, 0, 0, 19, 0, 0, 0, 0, 0, 0, 0, 0, 0, 0, 0, 19, 0, 0, 0, 0, 0, 0, 0, 0, 0, 0, 0, 19, 0, 0, 0, 0, 0, 0, 0, 0, 0, 0, 0, 19, 0, 0, 17, 17, 17, 17, 17, 17, 17, 17, 17, 18, 0, 0, 0, 0, 0, 0, 0, 0, 0, 0, 0, 0, 0, 0],
         "height":12,
         "name":"slop2",
         "opacity":1,
         "type":"tilelayer",
         "visible":true,
         "width":12,
         "x":0,
         "y":0
        }, 
        {
         "data":[0, 0, 0, 0, 0, 0, 0, 0, 0, 0, 35, 0, 0, 0, 0, 0, 0, 169, 0, 0, 0, 0, 35, 0, 0, 0, 0, 0, 0, 0, 0, 0, 0, 0, 35, 0, 0, 0, 0, 0, 0, 99, 0, 0, 0, 0, 35, 0, 0, 0, 0, 0, 0, 99, 0, 0, 0, 0, 35, 0, 0, 0, 0, 0, 0, 99, 0, 0, 0, 0, 35, 0, 0, 0, 0, 0, 0, 99, 0, 0, 0, 0, 35, 0, 0, 0, 100, 100, 100, 100, 100, 100, 100, 0, 35, 0, 0, 0, 0, 0, 0, 0, 0, 0, 0, 0, 35, 0, 0, 0, 0, 0, 0, 0, 0, 0, 0, 0, 35, 0, 0, 0, 0, 0, 0, 0, 0, 0, 0, 0, 35, 0, 0, 0, 0, 0, 0, 0, 0, 0, 0, 0, 0, 0],
         "height":12,
         "name":"road",
         "opacity":1,
         "type":"tilelayer",
         "visible":true,
         "width":12,
         "x":0,
         "y":0
        }, 
        {
         "data":[0, 0, 0, 0, 0, 0, 0, 0, 0, 0, 0, 0, 0, 0, 0, 0, 0, 0, 0, 0, 0, 0, 0, 0, 0, 0, 0, 0, 0, 0, 0, 0, 0, 0, 0, 0, 0, 0, 0, 0, 0, 0, 0, 0, 0, 0, 0, 0, 0, 0, 0, 0, 0, 0, 0, 0, 0, 0, 0, 0, 0, 0, 0, 0, 0, 0, 0, 0, 0, 0, 0, 0, 0, 0, 0, 0, 0, 0, 0, 0, 0, 0, 0, 0, 0, 0, 0, 0, 0, 0, 0, 0, 0, 0, 0, 0, 0, 0, 0, 0, 0, 0, 0, 0, 90, 0, 0, 0, 0, 0, 0, 0, 96, 94, 94, 94, 89, 0, 0, 0, 0, 0, 0, 0, 0, 0, 0, 0, 0, 0, 0, 0, 0, 0, 0, 0, 0, 0, 0, 0, 0, 0, 0, 0],
         "height":12,
         "name":"sea",
         "opacity":1,
         "type":"tilelayer",
         "visible":true,
         "width":12,
         "x":0,
         "y":0
        }, 
        {
         "data":[0, 0, 0, 0, 0, 0, 0, 0, 0, 0, 0, 0, 0, 0, 0, 0, 0, 0, 0, 0, 0, 0, 0, 0, 0, 0, 0, 0, 0, 0, 0, 0, 0, 0, 0, 0, 87, 0, 0, 0, 0, 0, 0, 0, 87, 0, 0, 0, 87, 0, 0, 0, 0, 0, 0, 0, 87, 0, 0, 0, 87, 0, 0, 0, 0, 0, 0, 0, 87, 0, 0, 0, 87, 0, 0, 0, 0, 0, 0, 0, 87, 0, 0, 0, 87, 0, 0, 0, 0, 0, 0, 0, 0, 0, 0, 0, 87, 0, 0, 0, 0, 0, 0, 0, 87, 0, 0, 0, 87, 88, 88, 88, 88, 88, 88, 88, 86, 0, 0, 0, 0, 0, 0, 0, 0, 0, 0, 0, 0, 0, 0, 0, 0, 0, 0, 0, 0, 0, 0, 0, 0, 0, 0, 0],
         "height":12,
         "name":"fence",
         "opacity":1,
         "type":"tilelayer",
         "visible":true,
         "width":12,
         "x":0,
         "y":0
        }, 
        {
         "data":[0, 0, 0, 0, 0, 0, 0, 0, 129, 0, 0, 0, 0, 0, 0, 0, 0, 0, 0, 0, 129, 0, 0, 0, 129, 129, 129, 129, 129, 129, 129, 129, 129, 0, 0, 0, 129, 129, 129, 129, 129, 129, 129, 129, 129, 0, 0, 0, 129, 129, 129, 129, 129, 129, 129, 129, 129, 0, 0, 0, 129, 129, 129, 129, 129, 129, 129, 129, 129, 0, 0, 0, 129, 129, 129, 129, 129, 129, 129, 129, 129, 0, 0, 0, 129, 129, 129, 129, 129, 129, 129, 129, 129, 0, 0, 0, 129, 129, 129, 129, 129, 129, 129, 129, 129, 0, 0, 0, 129, 129, 129, 129, 129, 129, 129, 129, 129, 0, 0, 0, 0, 0, 0, 0, 0, 0, 0, 0, 0, 0, 0, 0, 0, 0, 0, 0, 0, 0, 0, 0, 0, 0, 0, 0],
         "height":12,
         "name":"mask2",
         "opacity":1,
         "type":"tilelayer",
         "visible":true,
         "width":12,
         "x":0,
         "y":0
        }, 
        {
         "data":[0, 0, 0, 0, 0, 0, 0, 0, 0, 0, 0, 0, 0, 0, 0, 0, 0, 0, 0, 0, 0, 0, 0, 0, 0, 0, 0, 0, 0, 0, 0, 0, 0, 0, 0, 0, 0, 0, 0, 0, 0, 0, 0, 0, 0, 0, 0, 0, 0, 0, 132, 131, 130, 130, 130, 130, 0, 0, 0, 0, 0, 134, 133, 131, 130, 130, 130, 130, 0, 0, 0, 0, 0, 132, 0, 0, 0, 0, 0, 0, 0, 0, 0, 0, 0, 133, 0, 0, 0, 0, 0, 0, 0, 0, 0, 0, 0, 0, 0, 0, 131, 131, 131, 131, 0, 0, 0, 0, 0, 0, 0, 0, 0, 0, 0, 0, 0, 0, 0, 0, 0, 0, 0, 0, 0, 0, 0, 0, 0, 0, 0, 0, 0, 0, 0, 0, 0, 0, 0, 0, 0, 0, 0, 0],
         "height":12,
         "name":"build",
         "opacity":1,
         "type":"tilelayer",
         "visible":false,
         "width":12,
         "x":0,
         "y":0
        }, 
        {
         "data":[0, 0, 0, 0, 0, 0, 0, 0, 0, 0, 0, 0, 0, 0, 0, 0, 0, 0, 0, 0, 0, 0, 0, 0, 0, 0, 0, 0, 0, 102, 0, 0, 0, 0, 0, 0, 0, 0, 0, 0, 0, 0, 0, 0, 0, 0, 0, 0, 0, 0, 0, 0, 0, 0, 0, 0, 0, 0, 0, 0, 0, 0, 0, 0, 0, 0, 0, 0, 0, 0, 0, 0, 0, 0, 0, 0, 0, 0, 0, 0, 0, 0, 0, 0, 0, 0, 0, 0, 0, 0, 0, 0, 0, 37, 0, 0, 0, 0, 0, 0, 0, 0, 0, 0, 0, 0, 0, 0, 0, 0, 0, 0, 0, 0, 0, 0, 0, 0, 0, 0, 0, 0, 0, 0, 0, 0, 0, 0, 0, 0, 0, 0, 0, 0, 0, 0, 0, 0, 0, 0, 0, 0, 0, 0],
         "height":12,
         "name":"ladder",
         "opacity":1,
         "type":"tilelayer",
         "visible":true,
         "width":12,
         "x":0,
         "y":0
        }, 
        {
         "data":[135, 135, 135, 135, 135, 135, 135, 135, 0, 0, 0, 0, 135, 135, 135, 135, 135, 135, 135, 135, 0, 0, 0, 0, 0, 0, 0, 0, 0, 0, 0, 0, 0, 0, 0, 0, 0, 0, 0, 0, 0, 0, 0, 0, 0, 0, 0, 0, 0, 0, 0, 0, 0, 0, 0, 0, 0, 0, 0, 0, 0, 0, 0, 0, 0, 0, 0, 0, 0, 0, 0, 0, 0, 0, 0, 0, 0, 0, 0, 0, 0, 0, 0, 0, 0, 0, 0, 0, 0, 0, 0, 0, 0, 0, 0, 0, 0, 0, 0, 0, 0, 0, 0, 0, 0, 0, 0, 0, 0, 0, 0, 0, 0, 0, 0, 0, 0, 0, 0, 0, 0, 0, 0, 0, 0, 0, 0, 0, 0, 0, 0, 0, 0, 0, 0, 0, 0, 0, 0, 0, 0, 0, 0, 0],
         "height":12,
         "name":"grass3",
         "opacity":1,
         "type":"tilelayer",
         "visible":true,
         "width":12,
         "x":0,
         "y":0
        }, 
        {
         "data":[199, 199, 199, 199, 199, 199, 199, 199, 0, 0, 0, 0, 199, 199, 199, 199, 199, 199, 199, 199, 0, 0, 0, 0, 0, 0, 0, 0, 0, 0, 0, 0, 0, 0, 0, 0, 0, 0, 0, 0, 0, 0, 0, 0, 0, 0, 0, 0, 0, 0, 0, 0, 0, 0, 0, 0, 0, 0, 0, 0, 0, 0, 0, 0, 0, 0, 0, 0, 0, 0, 0, 0, 0, 0, 0, 0, 0, 0, 0, 0, 0, 0, 0, 0, 0, 0, 0, 0, 0, 0, 0, 0, 0, 0, 0, 0, 0, 0, 0, 0, 0, 0, 0, 0, 0, 0, 0, 0, 0, 0, 0, 0, 0, 0, 0, 0, 0, 0, 0, 0, 0, 0, 0, 0, 0, 0, 0, 0, 0, 0, 0, 0, 0, 0, 0, 0, 0, 0, 0, 0, 0, 0, 0, 0],
         "height":12,
         "name":"mask3",
         "opacity":1,
         "type":"tilelayer",
         "visible":true,
         "width":12,
         "x":0,
         "y":0
        }],
 "orientation":"isometric",
 "properties":
    {

    },
 "tileheight":170,
 "tilesets":[
        {
         "firstgid":1,
         "image":"tt512.png",
         "imageheight":4096,
         "imagewidth":4096,
         "margin":0,
         "name":"tt512",
         "properties":
            {

            },
         "spacing":0,
         "tileheight":512,
         "tilewidth":512
        }, 
        {
         "firstgid":65,
         "image":"tt512.png",
         "imageheight":4096,
         "imagewidth":4096,
         "margin":0,
         "name":"tt512",
         "properties":
            {

            },
         "spacing":0,
         "tileheight":512,
         "tileoffset":
            {
             "x":0,
             "y":-103
            },
         "tilewidth":512
        }, 
        {
         "firstgid":129,
         "image":"white2.png",
         "imageheight":170,
         "imagewidth":340,
         "margin":0,
         "name":"white2",
         "properties":
            {

            },
         "spacing":0,
         "tileheight":170,
         "tileoffset":
            {
             "x":0,
             "y":-103
            },
         "tilewidth":340
        }, 
        {
         "firstgid":130,
         "image":"build2.png",
         "imageheight":512,
         "imagewidth":512,
         "margin":0,
         "name":"build2",
         "properties":
            {

            },
         "spacing":0,
         "tileheight":512,
         "tilewidth":512
        }, 
        {
         "firstgid":131,
         "image":"build1.png",
         "imageheight":308,
         "imagewidth":359,
         "margin":0,
         "name":"build1",
         "properties":
            {

            },
         "spacing":0,
         "tileheight":308,
         "tilewidth":359
        }, 
        {
         "firstgid":132,
         "image":"tile25.png",
         "imageheight":512,
         "imagewidth":512,
         "margin":0,
         "name":"tile25",
         "properties":
            {

            },
         "spacing":0,
         "tileheight":512,
         "tilewidth":512
        }, 
        {
         "firstgid":133,
         "image":"tile24.png",
         "imageheight":512,
         "imagewidth":512,
         "margin":0,
         "name":"tile24",
         "properties":
            {

            },
         "spacing":0,
         "tileheight":512,
         "tilewidth":512
        }, 
        {
         "firstgid":134,
         "image":"tile31.png",
         "imageheight":512,
         "imagewidth":512,
         "margin":0,
         "name":"tile31",
         "properties":
            {

            },
         "spacing":0,
         "tileheight":512,
         "tilewidth":512
        }, 
        {
         "firstgid":135,
         "image":"tt512.png",
         "imageheight":4096,
         "imagewidth":4096,
         "margin":0,
         "name":"tt512",
         "properties":
            {

            },
         "spacing":0,
         "tileheight":512,
         "tileoffset":
            {
             "x":0,
             "y":-206
            },
         "tilewidth":512
        }, 
        {
         "firstgid":199,
         "image":"white2.png",
         "imageheight":170,
         "imagewidth":340,
         "margin":0,
         "name":"white2",
         "properties":
            {

            },
         "spacing":0,
         "tileheight":170,
         "tileoffset":
            {
             "x":0,
             "y":-206
            },
         "tilewidth":340
        }],
 "tilewidth":340,
 "version":1,
 "width":12
}