{ "height":12,
 "layers":[
        {
         "data":[7, 7, 7, 7, 7, 7, 7, 7, 7, 7, 7, 2, 7, 7, 7, 7, 7, 7, 7, 7, 7, 7, 7, 2, 7, 7, 7, 7, 7, 7, 7, 7, 7, 7, 7, 2, 7, 7, 7, 7, 7, 7, 7, 7, 7, 7, 7, 2, 7, 7, 7, 7, 7, 7, 7, 7, 7, 7, 7, 2, 7, 7, 7, 7, 7, 7, 7, 7, 7, 7, 7, 2, 7, 7, 7, 7, 7, 7, 7, 7, 7, 7, 7, 2, 7, 7, 7, 7, 7, 7, 7, 7, 7, 7, 7, 2, 7, 7, 7, 7, 7, 7, 7, 7, 7, 7, 7, 2, 7, 7, 7, 7, 7, 7, 7, 7, 7, 7, 7, 2, 7, 7, 7, 7, 7, 7, 7, 7, 7, 7, 7, 2, 3, 3, 3, 3, 3, 3, 3, 3, 3, 3, 3, 1],
         "height":12,
         "name":"slop1",
         "opacity":1,
         "type":"tilelayer",
         "visible":true,
         "width":12,
         "x":0,
         "y":0
        }, 
        {
         "data":[3, 3, 3, 3, 3, 3, 3, 3, 1, 2, 0, 0, 2, 0, 0, 0, 0, 0, 0, 0, 0, 2, 0, 0, 2, 0, 0, 0, 0, 0, 0, 0, 0, 2, 0, 0, 2, 0, 0, 0, 0, 0, 0, 0, 0, 2, 0, 0, 2, 0, 0, 0, 0, 0, 0, 0, 0, 2, 0, 0, 2, 0, 0, 0, 0, 0, 0, 0, 0, 2, 0, 0, 2, 0, 0, 0, 0, 0, 0, 0, 0, 2, 0, 0, 2, 0, 0, 0, 0, 0, 0, 0, 0, 2, 0, 0, 2, 0, 0, 0, 0, 0, 0, 0, 0, 2, 0, 0, 2, 0, 0, 0, 0, 0, 0, 0, 0, 2, 0, 0, 3, 3, 3, 3, 3, 3, 3, 3, 3, 1, 0, 0, 0, 0, 0, 0, 0, 0, 0, 0, 0, 0, 0, 0],
         "height":12,
         "name":"slop2",
         "opacity":1,
         "type":"tilelayer",
         "visible":true,
         "width":12,
         "x":0,
         "y":0
        }, 
        {
         "data":[0, 0, 0, 0, 0, 0, 0, 0, 0, 0, 4, 0, 0, 0, 0, 0, 0, 0, 0, 0, 0, 0, 4, 0, 0, 0, 0, 0, 4, 4, 4, 0, 0, 0, 4, 0, 0, 0, 0, 0, 0, 0, 4, 0, 0, 0, 4, 0, 0, 0, 4, 0, 0, 0, 4, 0, 0, 0, 4, 0, 0, 0, 4, 0, 0, 0, 4, 0, 0, 0, 4, 0, 4, 4, 4, 4, 4, 4, 4, 4, 4, 0, 4, 0, 0, 0, 0, 0, 0, 4, 0, 0, 0, 0, 4, 0, 0, 0, 0, 0, 0, 0, 0, 0, 0, 0, 4, 0, 0, 0, 0, 0, 0, 0, 0, 0, 0, 0, 4, 0, 0, 0, 0, 0, 0, 0, 0, 0, 0, 0, 4, 0, 0, 0, 0, 0, 0, 0, 0, 0, 0, 0, 0, 0],
         "height":12,
         "name":"road",
         "opacity":1,
         "type":"tilelayer",
         "visible":true,
         "width":12,
         "x":0,
         "y":0
        }, 
        {
         "data":[0, 0, 0, 0, 0, 0, 0, 0, 0, 0, 0, 0, 0, 0, 0, 0, 0, 0, 0, 0, 0, 0, 0, 0, 0, 0, 0, 0, 0, 0, 0, 0, 0, 0, 0, 0, 0, 0, 0, 0, 0, 0, 0, 0, 0, 0, 0, 0, 0, 0, 0, 0, 0, 0, 0, 0, 0, 0, 0, 0, 0, 0, 0, 0, 0, 0, 0, 0, 0, 0, 0, 0, 0, 0, 0, 0, 0, 0, 0, 0, 0, 8, 0, 0, 0, 0, 0, 0, 0, 0, 0, 0, 0, 0, 0, 0, 0, 0, 0, 0, 0, 0, 0, 0, 0, 0, 0, 0, 0, 0, 0, 0, 0, 0, 0, 0, 0, 0, 0, 0, 0, 0, 0, 0, 0, 0, 0, 0, 0, 0, 0, 0, 0, 0, 0, 0, 0, 0, 0, 0, 0, 0, 0, 0],
         "height":12,
         "name":"ladder",
         "opacity":1,
         "type":"tilelayer",
         "visible":true,
         "width":12,
         "x":0,
         "y":0
        }, 
        {
         "data":[0, 0, 0, 0, 0, 0, 0, 0, 0, 0, 0, 0, 0, 0, 0, 0, 0, 0, 0, 0, 13, 0, 0, 0, 0, 0, 0, 0, 0, 0, 0, 0, 12, 0, 0, 0, 0, 0, 0, 0, 0, 0, 0, 0, 12, 0, 0, 0, 0, 0, 0, 0, 0, 0, 0, 0, 12, 0, 0, 0, 0, 0, 0, 0, 0, 0, 0, 0, 9, 0, 0, 0, 0, 0, 0, 0, 0, 0, 0, 0, 0, 0, 0, 0, 0, 0, 0, 0, 0, 0, 0, 0, 13, 0, 0, 0, 0, 0, 0, 0, 0, 0, 0, 0, 12, 0, 0, 0, 0, 0, 0, 0, 14, 11, 11, 11, 10, 0, 0, 0, 0, 0, 0, 0, 0, 0, 0, 0, 0, 0, 0, 0, 0, 0, 0, 0, 0, 0, 0, 0, 0, 0, 0, 0],
         "height":12,
         "name":"sea",
         "opacity":1,
         "type":"tilelayer",
         "visible":false,
         "width":12,
         "x":0,
         "y":0
        }, 
        {
         "data":[0, 0, 0, 0, 0, 0, 0, 0, 17, 0, 0, 0, 0, 0, 0, 0, 0, 0, 0, 0, 17, 0, 0, 0, 0, 0, 0, 0, 0, 0, 0, 0, 17, 0, 0, 0, 0, 0, 0, 0, 0, 0, 0, 0, 17, 0, 0, 0, 0, 0, 0, 0, 0, 0, 0, 0, 17, 0, 0, 0, 0, 0, 0, 0, 0, 0, 0, 0, 17, 0, 0, 0, 0, 0, 0, 0, 0, 0, 0, 0, 0, 0, 0, 0, 0, 0, 0, 0, 0, 0, 0, 0, 17, 0, 0, 0, 0, 0, 0, 0, 0, 0, 0, 0, 17, 0, 0, 0, 16, 16, 16, 16, 16, 16, 16, 16, 15, 0, 0, 0, 0, 0, 0, 0, 0, 0, 0, 0, 0, 0, 0, 0, 0, 0, 0, 0, 0, 0, 0, 0, 0, 0, 0, 0],
         "height":12,
         "name":"fence",
         "opacity":1,
         "type":"tilelayer",
         "visible":false,
         "width":12,
         "x":0,
         "y":0
        }, 
        {
         "data":[0, 0, 0, 0, 0, 0, 0, 0, 0, 0, 0, 0, 18, 0, 0, 0, 23, 0, 20, 0, 0, 0, 0, 0, 0, 0, 0, 0, 0, 0, 0, 0, 0, 0, 0, 0, 0, 0, 22, 0, 21, 0, 0, 0, 0, 0, 0, 0, 0, 0, 0, 0, 0, 0, 0, 0, 0, 0, 0, 0, 0, 0, 0, 0, 24, 0, 0, 0, 0, 0, 0, 0, 0, 0, 0, 0, 0, 0, 0, 0, 0, 0, 0, 0, 0, 0, 0, 0, 0, 0, 0, 0, 0, 0, 0, 0, 18, 0, 0, 0, 0, 19, 0, 0, 0, 0, 0, 0, 0, 0, 0, 0, 0, 0, 0, 0, 0, 0, 0, 0, 0, 0, 0, 0, 0, 0, 0, 0, 0, 0, 0, 0, 0, 0, 0, 0, 0, 0, 0, 0, 0, 0, 0, 0],
         "height":12,
         "name":"build",
         "opacity":1,
         "type":"tilelayer",
         "visible":true,
         "width":12,
         "x":0,
         "y":0
        }, 
        {
         "data":[0, 0, 0, 0, 0, 0, 0, 0, 0, 0, 24, 0, 0, 0, 0, 0, 0, 0, 0, 0, 0, 0, 0, 0, 0, 0, 0, 0, 0, 0, 0, 0, 0, 0, 0, 0, 0, 0, 0, 0, 0, 0, 0, 0, 0, 0, 0, 0, 0, 0, 0, 0, 0, 0, 0, 0, 0, 0, 0, 0, 0, 0, 0, 0, 0, 0, 0, 0, 0, 0, 0, 0, 0, 0, 0, 0, 0, 0, 0, 0, 0, 0, 0, 0, 0, 0, 0, 0, 0, 0, 0, 0, 0, 0, 0, 0, 0, 0, 0, 0, 0, 0, 0, 0, 0, 0, 0, 0, 0, 0, 0, 0, 0, 0, 0, 0, 0, 0, 0, 0, 0, 0, 0, 0, 0, 0, 0, 0, 0, 0, 0, 0, 0, 0, 0, 0, 0, 0, 0, 0, 0, 0, 0, 0],
         "height":12,
         "name":"back",
         "opacity":1,
         "type":"tilelayer",
         "visible":true,
         "width":12,
         "x":0,
         "y":0
        }],
 "orientation":"isometric",
 "properties":
    {

    },
 "tileheight":64,
 "tilesets":[
        {
         "firstgid":1,
         "image":"tile1.png",
         "imageheight":64,
         "imagewidth":128,
         "margin":0,
         "name":"tile1",
         "properties":
            {

            },
         "spacing":1,
         "tileheight":64,
         "tilewidth":128
        }, 
        {
         "firstgid":2,
         "image":"tile2.png",
         "imageheight":64,
         "imagewidth":128,
         "margin":0,
         "name":"tile2",
         "properties":
            {

            },
         "spacing":1,
         "tileheight":64,
         "tilewidth":128
        }, 
        {
         "firstgid":3,
         "image":"tile3.png",
         "imageheight":64,
         "imagewidth":128,
         "margin":0,
         "name":"tile3",
         "properties":
            {

            },
         "spacing":1,
         "tileheight":64,
         "tilewidth":128
        }, 
        {
         "firstgid":4,
         "image":"tile4.png",
         "imageheight":64,
         "imagewidth":128,
         "margin":0,
         "name":"tile4",
         "properties":
            {

            },
         "spacing":1,
         "tileheight":64,
         "tilewidth":128
        }, 
        {
         "firstgid":5,
         "image":"tile7.png",
         "imageheight":128,
         "imagewidth":128,
         "margin":0,
         "name":"tile7",
         "properties":
            {

            },
         "spacing":1,
         "tileheight":128,
         "tilewidth":128
        }, 
        {
         "firstgid":6,
         "image":"tile5.png",
         "imageheight":64,
         "imagewidth":128,
         "margin":0,
         "name":"tile5",
         "properties":
            {

            },
         "spacing":1,
         "tileheight":64,
         "tilewidth":128
        }, 
        {
         "firstgid":7,
         "image":"tile0.png",
         "imageheight":64,
         "imagewidth":128,
         "margin":0,
         "name":"tile0",
         "properties":
            {

            },
         "spacing":1,
         "tileheight":64,
         "tileproperties":
            {
             "0":
                {
                 "b":"1"
                }
            },
         "tilewidth":128
        }, 
        {
         "firstgid":8,
         "image":"tile6.png",
         "imageheight":256,
         "imagewidth":256,
         "margin":0,
         "name":"tile6",
         "properties":
            {

            },
         "spacing":0,
         "tileheight":256,
         "tilewidth":256
        }, 
        {
         "firstgid":9,
         "image":"tile8.png",
         "imageheight":64,
         "imagewidth":128,
         "margin":0,
         "name":"tile8",
         "properties":
            {

            },
         "spacing":0,
         "tileheight":64,
         "tilewidth":128
        }, 
        {
         "firstgid":10,
         "image":"tile9.png",
         "imageheight":64,
         "imagewidth":128,
         "margin":0,
         "name":"tile9",
         "properties":
            {

            },
         "spacing":0,
         "tileheight":64,
         "tilewidth":128
        }, 
        {
         "firstgid":11,
         "image":"tile10.png",
         "imageheight":64,
         "imagewidth":128,
         "margin":0,
         "name":"tile10",
         "properties":
            {

            },
         "spacing":0,
         "tileheight":64,
         "tilewidth":128
        }, 
        {
         "firstgid":12,
         "image":"tile11.png",
         "imageheight":64,
         "imagewidth":128,
         "margin":0,
         "name":"tile11",
         "properties":
            {

            },
         "spacing":0,
         "tileheight":64,
         "tilewidth":128
        }, 
        {
         "firstgid":13,
         "image":"tile12.png",
         "imageheight":64,
         "imagewidth":128,
         "margin":0,
         "name":"tile12",
         "properties":
            {

            },
         "spacing":0,
         "tileheight":64,
         "tilewidth":128
        }, 
        {
         "firstgid":14,
         "image":"tile13.png",
         "imageheight":64,
         "imagewidth":128,
         "margin":0,
         "name":"tile13",
         "properties":
            {

            },
         "spacing":0,
         "tileheight":64,
         "tilewidth":128
        }, 
        {
         "firstgid":15,
         "image":"tile14.png",
         "imageheight":128,
         "imagewidth":128,
         "margin":0,
         "name":"tile14",
         "properties":
            {

            },
         "spacing":0,
         "tileheight":128,
         "tilewidth":128
        }, 
        {
         "firstgid":16,
         "image":"tile15.png",
         "imageheight":128,
         "imagewidth":128,
         "margin":0,
         "name":"tile15",
         "properties":
            {

            },
         "spacing":0,
         "tileheight":128,
         "tilewidth":128
        }, 
        {
         "firstgid":17,
         "image":"tile16.png",
         "imageheight":128,
         "imagewidth":128,
         "margin":0,
         "name":"tile16",
         "properties":
            {

            },
         "spacing":0,
         "tileheight":128,
         "tilewidth":128
        }, 
        {
         "firstgid":18,
         "image":"build107.png",
         "imageheight":128,
         "imagewidth":128,
         "margin":0,
         "name":"build107",
         "properties":
            {

            },
         "spacing":0,
         "tileheight":128,
         "tilewidth":128
        }, 
        {
         "firstgid":19,
         "image":"build101.png",
         "imageheight":128,
         "imagewidth":128,
         "margin":0,
         "name":"build101",
         "properties":
            {

            },
         "spacing":0,
         "tileheight":128,
         "tilewidth":128
        }, 
        {
         "firstgid":20,
         "image":"build102.png",
         "imageheight":128,
         "imagewidth":128,
         "margin":0,
         "name":"build102",
         "properties":
            {

            },
         "spacing":0,
         "tileheight":128,
         "tilewidth":128
        }, 
        {
         "firstgid":21,
         "image":"build103.png",
         "imageheight":128,
         "imagewidth":128,
         "margin":0,
         "name":"build103",
         "properties":
            {

            },
         "spacing":0,
         "tileheight":128,
         "tilewidth":128
        }, 
        {
         "firstgid":22,
         "image":"build104.png",
         "imageheight":128,
         "imagewidth":128,
         "margin":0,
         "name":"build104",
         "properties":
            {

            },
         "spacing":0,
         "tileheight":128,
         "tilewidth":128
        }, 
        {
         "firstgid":23,
         "image":"build105.png",
         "imageheight":128,
         "imagewidth":128,
         "margin":0,
         "name":"build105",
         "properties":
            {

            },
         "spacing":0,
         "tileheight":128,
         "tilewidth":128
        }, 
        {
         "firstgid":24,
         "image":"build106.png",
         "imageheight":128,
         "imagewidth":128,
         "margin":0,
         "name":"build106",
         "properties":
            {

            },
         "spacing":0,
         "tileheight":128,
         "tilewidth":128
        }],
 "tilewidth":128,
 "version":1,
 "width":12
}