{ "height":12,
 "layers":[
        {
         "data":[5, 5, 5, 5, 5, 5, 5, 5, 5, 5, 5, 5, 5, 5, 5, 5, 5, 5, 5, 5, 5, 5, 5, 5, 5, 5, 5, 5, 5, 5, 5, 5, 5, 5, 5, 5, 5, 5, 5, 5, 5, 5, 5, 5, 5, 5, 5, 5, 5, 5, 5, 5, 5, 5, 5, 5, 5, 5, 5, 5, 5, 5, 5, 5, 5, 5, 5, 5, 5, 5, 5, 5, 5, 5, 5, 5, 5, 5, 5, 5, 5, 5, 5, 5, 5, 5, 5, 5, 5, 5, 5, 5, 5, 5, 5, 5, 5, 5, 5, 5, 5, 5, 5, 5, 5, 5, 5, 5, 5, 5, 5, 5, 5, 5, 5, 5, 5, 5, 5, 5, 5, 5, 5, 5, 5, 5, 5, 5, 5, 5, 5, 5, 5, 5, 5, 5, 5, 5, 5, 5, 5, 5, 5, 5],
         "height":12,
         "name":"grass",
         "opacity":1,
         "type":"tilelayer",
         "visible":true,
         "width":12,
         "x":0,
         "y":0
        }, 
        {
         "data":[0, 0, 0, 0, 0, 0, 0, 0, 0, 0, 0, 3, 0, 0, 0, 0, 0, 0, 0, 0, 0, 0, 0, 3, 0, 0, 0, 0, 0, 0, 0, 0, 0, 0, 0, 3, 0, 0, 0, 0, 0, 0, 0, 0, 0, 0, 0, 3, 0, 0, 0, 0, 0, 0, 0, 0, 0, 0, 0, 3, 0, 0, 0, 0, 0, 0, 0, 0, 0, 0, 0, 3, 0, 0, 0, 0, 0, 0, 0, 0, 0, 0, 0, 3, 0, 0, 0, 0, 0, 0, 0, 0, 0, 0, 0, 3, 0, 0, 0, 0, 0, 0, 0, 0, 0, 0, 0, 3, 0, 0, 0, 0, 0, 0, 0, 0, 0, 0, 0, 3, 0, 0, 0, 0, 0, 0, 0, 0, 0, 0, 0, 3, 2, 2, 2, 2, 2, 2, 2, 2, 2, 2, 2, 1],
         "height":12,
         "name":"slop1",
         "opacity":1,
         "type":"tilelayer",
         "visible":true,
         "width":12,
         "x":0,
         "y":0
        }, 
        {
         "data":[0, 0, 0, 0, 0, 0, 0, 0, 0, 7, 0, 0, 0, 0, 0, 0, 0, 0, 0, 0, 0, 7, 0, 0, 0, 0, 0, 0, 0, 0, 0, 0, 0, 7, 0, 0, 0, 0, 0, 0, 0, 0, 0, 0, 0, 7, 0, 0, 0, 0, 0, 0, 0, 0, 0, 0, 0, 7, 0, 0, 0, 0, 0, 0, 0, 0, 0, 0, 0, 7, 0, 0, 0, 0, 0, 0, 0, 0, 0, 0, 0, 7, 0, 0, 0, 0, 0, 0, 0, 0, 0, 0, 0, 7, 0, 0, 0, 0, 0, 0, 0, 0, 0, 0, 0, 7, 0, 0, 6, 6, 6, 6, 6, 6, 6, 6, 6, 4, 0, 0, 0, 0, 0, 0, 0, 0, 0, 0, 0, 0, 0, 0, 0, 0, 0, 0, 0, 0, 0, 0, 0, 0, 0, 0],
         "height":12,
         "name":"slop2",
         "opacity":1,
         "type":"tilelayer",
         "visible":true,
         "width":12,
         "x":0,
         "y":0
        }, 
        {
         "data":[0, 0, 0, 0, 0, 0, 0, 0, 0, 0, 12, 0, 0, 0, 0, 0, 0, 0, 0, 0, 0, 0, 12, 0, 0, 0, 0, 0, 0, 0, 0, 0, 0, 0, 12, 0, 0, 0, 0, 0, 0, 0, 0, 0, 0, 0, 12, 0, 0, 0, 0, 0, 0, 0, 0, 0, 0, 0, 12, 0, 0, 0, 0, 0, 0, 0, 0, 0, 0, 0, 12, 0, 0, 0, 0, 0, 0, 0, 0, 0, 14, 0, 13, 0, 0, 0, 0, 0, 0, 0, 0, 0, 0, 0, 12, 0, 0, 0, 0, 0, 0, 0, 0, 0, 14, 0, 13, 0, 0, 0, 0, 0, 0, 0, 0, 0, 0, 0, 12, 0, 0, 0, 0, 0, 0, 0, 0, 0, 0, 0, 12, 0, 0, 0, 0, 0, 0, 0, 0, 0, 0, 0, 0, 0],
         "height":12,
         "name":"road",
         "opacity":1,
         "type":"tilelayer",
         "visible":true,
         "width":12,
         "x":0,
         "y":0
        }, 
        {
         "data":[0, 0, 0, 0, 0, 0, 0, 0, 0, 0, 0, 0, 0, 0, 0, 0, 0, 0, 0, 0, 0, 0, 0, 0, 0, 0, 0, 0, 0, 0, 0, 0, 0, 0, 0, 0, 0, 0, 0, 0, 0, 0, 0, 0, 0, 0, 0, 0, 0, 0, 0, 0, 0, 0, 0, 0, 0, 0, 0, 0, 0, 0, 0, 0, 0, 0, 0, 0, 0, 0, 0, 0, 0, 0, 0, 0, 0, 0, 0, 0, 0, 8, 0, 0, 0, 0, 0, 0, 0, 0, 0, 0, 0, 0, 0, 0, 0, 0, 0, 0, 0, 0, 0, 0, 0, 8, 0, 0, 0, 0, 0, 0, 0, 0, 0, 0, 0, 0, 0, 0, 0, 0, 0, 0, 0, 0, 0, 0, 0, 0, 0, 0, 0, 0, 0, 0, 0, 0, 0, 0, 0, 0, 0, 0],
         "height":12,
         "name":"ladder",
         "opacity":1,
         "type":"tilelayer",
         "visible":true,
         "width":12,
         "x":0,
         "y":0
        }, 
        {
         "data":[10, 10, 10, 10, 10, 10, 10, 10, 10, 0, 0, 0, 10, 10, 10, 10, 10, 10, 10, 10, 10, 0, 0, 0, 10, 10, 10, 10, 10, 10, 10, 10, 10, 0, 0, 0, 10, 10, 10, 10, 10, 10, 10, 10, 10, 0, 0, 0, 10, 10, 10, 10, 10, 10, 10, 10, 10, 0, 0, 0, 10, 10, 10, 10, 10, 10, 10, 10, 10, 0, 0, 0, 10, 10, 10, 10, 10, 10, 10, 10, 10, 0, 0, 0, 10, 10, 10, 10, 10, 10, 10, 10, 10, 0, 0, 0, 10, 10, 10, 10, 10, 10, 10, 10, 10, 0, 0, 0, 0, 0, 0, 0, 0, 0, 0, 0, 0, 0, 0, 0, 0, 0, 0, 0, 0, 0, 0, 0, 0, 0, 0, 0, 0, 0, 0, 0, 0, 0, 0, 0, 0, 0, 0, 0],
         "height":12,
         "name":"mask2",
         "opacity":1,
         "type":"tilelayer",
         "visible":true,
         "width":12,
         "x":0,
         "y":0
        }],
 "orientation":"isometric",
 "properties":
    {

    },
 "tileheight":170,
 "tilesets":[
        {
         "firstgid":1,
         "image":"tile17.png",
         "imageheight":170,
         "imagewidth":340,
         "margin":0,
         "name":"tile17",
         "properties":
            {

            },
         "spacing":0,
         "tileheight":170,
         "tilewidth":340
        }, 
        {
         "firstgid":2,
         "image":"tile18.png",
         "imageheight":170,
         "imagewidth":340,
         "margin":0,
         "name":"tile18",
         "properties":
            {

            },
         "spacing":0,
         "tileheight":170,
         "tilewidth":340
        }, 
        {
         "firstgid":3,
         "image":"tile19.png",
         "imageheight":170,
         "imagewidth":340,
         "margin":0,
         "name":"tile19",
         "properties":
            {

            },
         "spacing":0,
         "tileheight":170,
         "tilewidth":340
        }, 
        {
         "firstgid":4,
         "image":"tile21.png",
         "imageheight":512,
         "imagewidth":512,
         "margin":0,
         "name":"tile21",
         "properties":
            {

            },
         "spacing":0,
         "tileheight":340,
         "tilewidth":340
        }, 
        {
         "firstgid":5,
         "image":"tile25.png",
         "imageheight":170,
         "imagewidth":340,
         "margin":0,
         "name":"tile25",
         "properties":
            {

            },
         "spacing":0,
         "tileheight":170,
         "tilewidth":340
        }, 
        {
         "firstgid":6,
         "image":"tile24.png",
         "imageheight":512,
         "imagewidth":512,
         "margin":0,
         "name":"tile24",
         "properties":
            {

            },
         "spacing":0,
         "tileheight":340,
         "tilewidth":340
        }, 
        {
         "firstgid":7,
         "image":"tile22.png",
         "imageheight":512,
         "imagewidth":512,
         "margin":0,
         "name":"tile22",
         "properties":
            {

            },
         "spacing":0,
         "tileheight":340,
         "tilewidth":340
        }, 
        {
         "firstgid":8,
         "image":"tile26.png",
         "imageheight":512,
         "imagewidth":512,
         "margin":0,
         "name":"tile26",
         "properties":
            {

            },
         "spacing":0,
         "tileheight":340,
         "tilewidth":340
        }, 
        {
         "firstgid":9,
         "image":"tile28.png",
         "imageheight":256,
         "imagewidth":512,
         "margin":0,
         "name":"tile28",
         "properties":
            {

            },
         "spacing":0,
         "tileheight":170,
         "tilewidth":340
        }, 
        {
         "firstgid":10,
         "image":"white2.png",
         "imageheight":170,
         "imagewidth":340,
         "margin":0,
         "name":"white2",
         "properties":
            {

            },
         "spacing":0,
         "tileheight":170,
         "tilewidth":340
        }, 
        {
         "firstgid":11,
         "image":"tile30.png",
         "imageheight":170,
         "imagewidth":340,
         "margin":0,
         "name":"tile30",
         "properties":
            {

            },
         "spacing":0,
         "tileheight":170,
         "tilewidth":340
        }, 
        {
         "firstgid":12,
         "image":"tile31.png",
         "imageheight":170,
         "imagewidth":340,
         "margin":0,
         "name":"tile31",
         "properties":
            {

            },
         "spacing":0,
         "tileheight":170,
         "tilewidth":340
        }, 
        {
         "firstgid":13,
         "image":"tile32.png",
         "imageheight":170,
         "imagewidth":340,
         "margin":0,
         "name":"tile32",
         "properties":
            {

            },
         "spacing":0,
         "tileheight":170,
         "tilewidth":340
        }, 
        {
         "firstgid":14,
         "image":"tile29.png",
         "imageheight":256,
         "imagewidth":512,
         "margin":0,
         "name":"tile29",
         "properties":
            {

            },
         "spacing":0,
         "tileheight":170,
         "tileoffset":
            {
             "x":84,
             "y":-90
            },
         "tilewidth":340
        }],
 "tilewidth":340,
 "version":1,
 "width":12
}